var_x,type_x,var_y,type_y,method,effect_size,p_value,n
availability_90,numeric,number_of_reviews_l30d,numeric,pearson_r,0.1838095210113343,1.8586626846297736e-122,16116
availability_90,numeric,number_of_reviews_l30d,numeric,spearman_rho,0.41025156112709665,0.0,16116
beds,numeric,review_scores_communication,numeric,pearson_r,-0.015078597572291668,0.07683587066849559,13770
beds,numeric,review_scores_communication,numeric,spearman_rho,-0.005621439385354584,0.5095126415952416,13770
number_of_reviews_l30d,numeric,review_scores_rating,numeric,pearson_r,0.013976215420933472,0.09785690581128731,14029
number_of_reviews_l30d,numeric,review_scores_rating,numeric,spearman_rho,-0.029195615796897077,0.0005432388775061306,14029
bedrooms,numeric,review_scores_accuracy,numeric,pearson_r,-0.005932228532972881,0.4979970529004809,13051
bedrooms,numeric,review_scores_accuracy,numeric,spearman_rho,-0.0037749687940401514,0.6663110746190194,13051
number_of_reviews_ltm,numeric,calculated_host_listings_count_private_rooms,numeric,pearson_r,0.15203233914139538,6.138356917657086e-84,16116
number_of_reviews_ltm,numeric,calculated_host_listings_count_private_rooms,numeric,spearman_rho,0.22782868936443124,8.556048798171278e-189,16116
availability_90,numeric,calculated_host_listings_count_entire_homes,numeric,pearson_r,0.004816870346950301,0.54090034164461,16116
availability_90,numeric,calculated_host_listings_count_entire_homes,numeric,spearman_rho,-0.1463166463240945,8.079641571930714e-78,16116
review_scores_communication,numeric,calculated_host_listings_count_entire_homes,numeric,pearson_r,-0.09898540737380515,2.0213438456355705e-31,13812
review_scores_communication,numeric,calculated_host_listings_count_entire_homes,numeric,spearman_rho,0.06470558107481121,2.7035135459297497e-14,13812
host_total_listings_count,numeric,minimum_minimum_nights,numeric,pearson_r,-0.00223063076558502,0.7771124409836145,16108
host_total_listings_count,numeric,minimum_minimum_nights,numeric,spearman_rho,-0.09466430003577696,2.172354619759487e-33,16108
number_of_reviews,numeric,review_scores_communication,numeric,pearson_r,0.0177770699105901,0.036688227033918316,13812
number_of_reviews,numeric,review_scores_communication,numeric,spearman_rho,-0.35257900127119146,0.0,13812
longitude,numeric,maximum_nights_avg_ntm,numeric,pearson_r,-0.0007964201954243494,0.9194811140893997,16113
longitude,numeric,maximum_nights_avg_ntm,numeric,spearman_rho,0.009975853137360012,0.20542786621943662,16113
price,numeric,review_scores_accuracy,numeric,pearson_r,0.013728195456084079,0.10663504122969668,13815
price,numeric,review_scores_accuracy,numeric,spearman_rho,0.07720102605542628,1.020563648102433e-19,13815
id,numeric,calculated_host_listings_count_entire_homes,numeric,pearson_r,0.0716675436155492,8.305451520324383e-20,16116
id,numeric,calculated_host_listings_count_entire_homes,numeric,spearman_rho,-0.02378776594155203,0.0025275665142546616,16116
host_listings_count,numeric,number_of_reviews_ltm,numeric,pearson_r,0.018191077672023916,0.020944177226913826,16111
host_listings_count,numeric,number_of_reviews_ltm,numeric,spearman_rho,0.10730949845525327,1.7817686363219366e-42,16111
host_total_listings_count,numeric,review_scores_rating,numeric,pearson_r,-0.020140564803149727,0.017064970223914313,14026
host_total_listings_count,numeric,review_scores_rating,numeric,spearman_rho,-0.13360966667233595,7.031819527864692e-57,14026
maximum_maximum_nights,numeric,review_scores_value,numeric,pearson_r,-0.0021938217820632205,0.7966080676282581,13805
maximum_maximum_nights,numeric,review_scores_value,numeric,spearman_rho,-0.0351096516046438,3.689736507576358e-05,13805
host_total_listings_count,numeric,maximum_nights,numeric,pearson_r,0.018396776328771014,0.019538043916390756,16111
host_total_listings_count,numeric,maximum_nights,numeric,spearman_rho,0.07614452602800818,3.73010782031085e-22,16111
id,numeric,latitude,numeric,pearson_r,0.016718536913967443,0.03380566939696631,16116
id,numeric,latitude,numeric,spearman_rho,0.022728754385438123,0.003907462729692963,16116
availability_60,numeric,number_of_reviews,numeric,pearson_r,0.19914788328253297,7.894393378221651e-144,16116
availability_60,numeric,number_of_reviews,numeric,spearman_rho,0.18702889946583814,8.619014858913535e-127,16116
accommodates,numeric,review_scores_location,numeric,pearson_r,-0.05799048243272808,9.155616959246998e-12,13807
accommodates,numeric,review_scores_location,numeric,spearman_rho,-0.04173099709467764,9.332359948962417e-07,13807
review_scores_location,numeric,calculated_host_listings_count_shared_rooms,numeric,pearson_r,0.011082182732748283,0.19287744417286898,13807
review_scores_location,numeric,calculated_host_listings_count_shared_rooms,numeric,spearman_rho,-0.0019260779931754765,0.8209680746186282,13807
latitude,numeric,calculated_host_listings_count_private_rooms,numeric,pearson_r,0.009535168935566586,0.226120855606206,16116
latitude,numeric,calculated_host_listings_count_private_rooms,numeric,spearman_rho,0.020597099333707642,0.008926618607493603,16116
longitude,numeric,availability_90,numeric,pearson_r,0.013060145373528611,0.09733523087331564,16116
longitude,numeric,availability_90,numeric,spearman_rho,0.034261714125833426,1.3587481294992051e-05,16116
host_listings_count,numeric,maximum_nights_avg_ntm,numeric,pearson_r,-1.1108508913452777e-05,0.9988751806166777,16108
host_listings_count,numeric,maximum_nights_avg_ntm,numeric,spearman_rho,0.0204783887345996,0.009345967571708148,16108
calculated_host_listings_count_entire_homes,numeric,reviews_per_month,numeric,pearson_r,-0.026453307675241622,0.0017273091685775404,14029
calculated_host_listings_count_entire_homes,numeric,reviews_per_month,numeric,spearman_rho,-0.18199767078887766,9.292296051734426e-105,14029
availability_60,numeric,availability_90,numeric,pearson_r,0.984891834396855,0.0,16116
availability_60,numeric,availability_90,numeric,spearman_rho,0.9848486065401603,0.0,16116
latitude,numeric,maximum_minimum_nights,numeric,pearson_r,-0.010587652515115776,0.17898131975794437,16113
latitude,numeric,maximum_minimum_nights,numeric,spearman_rho,0.01156207797512548,0.1422154652269525,16113
longitude,numeric,review_scores_location,numeric,pearson_r,0.005415419059519055,0.5245964954985977,13807
longitude,numeric,review_scores_location,numeric,spearman_rho,0.04415384296850231,2.099793439845705e-07,13807
review_scores_cleanliness,numeric,reviews_per_month,numeric,pearson_r,0.025550928337542834,0.0026688253477907746,13816
review_scores_cleanliness,numeric,reviews_per_month,numeric,spearman_rho,-0.12650403401380556,2.162374323483639e-50,13816
calculated_host_listings_count_entire_homes,numeric,calculated_host_listings_count_shared_rooms,numeric,pearson_r,0.006258458320277152,0.42693351721838824,16116
calculated_host_listings_count_entire_homes,numeric,calculated_host_listings_count_shared_rooms,numeric,spearman_rho,-0.05787571277044714,1.9403012928160398e-13,16116
maximum_maximum_nights,numeric,availability_90,numeric,pearson_r,0.028989039159044307,0.00023298772264468258,16113
maximum_maximum_nights,numeric,availability_90,numeric,spearman_rho,0.01735956559558487,0.02755487218439376,16113
longitude,numeric,calculated_host_listings_count_shared_rooms,numeric,pearson_r,0.015624685268155605,0.0473113400113939,16116
longitude,numeric,calculated_host_listings_count_shared_rooms,numeric,spearman_rho,0.02180268634092341,0.005641195184382046,16116
price,numeric,number_of_reviews,numeric,pearson_r,-0.0647974671896985,1.810986487468425e-16,16116
price,numeric,number_of_reviews,numeric,spearman_rho,-0.05317901490671843,1.4257059083461207e-11,16116
price,numeric,minimum_maximum_nights,numeric,pearson_r,-0.017514342154341736,0.026201241993930948,16113
price,numeric,minimum_maximum_nights,numeric,spearman_rho,-0.007620666409839146,0.3334023446032378,16113
minimum_nights,numeric,availability_365,numeric,pearson_r,0.04691343066114873,2.5468401414946013e-09,16116
minimum_nights,numeric,availability_365,numeric,spearman_rho,-0.06972838663754508,7.856601704275376e-19,16116
latitude,numeric,calculated_host_listings_count_shared_rooms,numeric,pearson_r,0.023872702468653348,0.002439003219008477,16116
latitude,numeric,calculated_host_listings_count_shared_rooms,numeric,spearman_rho,0.023807488072347064,0.0025067439873710834,16116
minimum_minimum_nights,numeric,minimum_maximum_nights,numeric,pearson_r,0.0017529730210485317,0.8239246492501197,16113
minimum_minimum_nights,numeric,minimum_maximum_nights,numeric,spearman_rho,-0.058505703864268815,1.0670249595837419e-13,16113
maximum_nights_avg_ntm,numeric,review_scores_value,numeric,pearson_r,-0.002193794805004605,0.7966105138187795,13805
maximum_nights_avg_ntm,numeric,review_scores_value,numeric,spearman_rho,-0.0350449149365776,3.813743230947549e-05,13805
review_scores_value,numeric,calculated_host_listings_count_private_rooms,numeric,pearson_r,-0.063962079125297,5.3627138029096856e-14,13807
review_scores_value,numeric,calculated_host_listings_count_private_rooms,numeric,spearman_rho,-0.05774028182096335,1.1235309812399953e-11,13807
maximum_nights,numeric,number_of_reviews_ltm,numeric,pearson_r,0.007453004625601802,0.34410278199742095,16116
maximum_nights,numeric,number_of_reviews_ltm,numeric,spearman_rho,0.02035338182184799,0.009768875692189209,16116
maximum_nights,numeric,review_scores_rating,numeric,pearson_r,-0.050893016726419826,1.6259778920020642e-09,14029
maximum_nights,numeric,review_scores_rating,numeric,spearman_rho,-0.0819074294374574,2.5540219113274526e-22,14029
maximum_minimum_nights,numeric,maximum_nights_avg_ntm,numeric,pearson_r,-0.0006086487181847606,0.9384214436415852,16113
maximum_minimum_nights,numeric,maximum_nights_avg_ntm,numeric,spearman_rho,-0.06652026031694654,2.8491224674207167e-17,16113
host_listings_count,numeric,bedrooms,numeric,pearson_r,-0.008447429366545956,0.2974824896091571,15213
host_listings_count,numeric,bedrooms,numeric,spearman_rho,-0.03206847127083929,7.619940847424582e-05,15213
host_total_listings_count,numeric,availability_365,numeric,pearson_r,0.050760907472433975,1.1431701694453479e-10,16111
host_total_listings_count,numeric,availability_365,numeric,spearman_rho,0.12120826024010602,8.725761667539346e-54,16111
minimum_minimum_nights,numeric,availability_365,numeric,pearson_r,0.046630956704900486,3.181357529959413e-09,16113
minimum_minimum_nights,numeric,availability_365,numeric,spearman_rho,-0.08620569160004538,5.803627558900641e-28,16113
maximum_maximum_nights,numeric,calculated_host_listings_count_private_rooms,numeric,pearson_r,0.010991658361691284,0.16296097834561438,16113
maximum_maximum_nights,numeric,calculated_host_listings_count_private_rooms,numeric,spearman_rho,0.035717149655693045,5.762459212053873e-06,16113
bedrooms,numeric,number_of_reviews,numeric,pearson_r,-0.08845441657726927,8.069893959665035e-28,15218
bedrooms,numeric,number_of_reviews,numeric,spearman_rho,-0.07466777991852884,2.8827936388727274e-20,15218
availability_30,numeric,calculated_host_listings_count_entire_homes,numeric,pearson_r,0.01794224463002398,0.022741283796750198,16116
availability_30,numeric,calculated_host_listings_count_entire_homes,numeric,spearman_rho,-0.14729949730397543,7.455582157039401e-79,16116
review_scores_rating,numeric,calculated_host_listings_count_entire_homes,numeric,pearson_r,-0.027377874074529532,0.0011825081602839893,14029
review_scores_rating,numeric,calculated_host_listings_count_entire_homes,numeric,spearman_rho,0.05525770490794061,5.7780782882200103e-11,14029
host_total_listings_count,numeric,maximum_minimum_nights,numeric,pearson_r,-0.001139446534342349,0.8850233042472101,16108
host_total_listings_count,numeric,maximum_minimum_nights,numeric,spearman_rho,-0.023449516834199317,0.0029172311841617594,16108
minimum_minimum_nights,numeric,calculated_host_listings_count_entire_homes,numeric,pearson_r,0.002998310746213718,0.7035239214300489,16113
minimum_minimum_nights,numeric,calculated_host_listings_count_entire_homes,numeric,spearman_rho,0.22802447900780984,4.338225310076831e-189,16113
accommodates,numeric,availability_30,numeric,pearson_r,7.199043311296007e-05,0.9927087205158566,16116
accommodates,numeric,availability_30,numeric,spearman_rho,-0.017758924817897606,0.024166160347502658,16116
minimum_nights,numeric,availability_30,numeric,pearson_r,0.06878475256099549,2.2938562978392293e-18,16116
minimum_nights,numeric,availability_30,numeric,spearman_rho,-0.10168499781138587,2.6299313658454485e-38,16116
id,numeric,minimum_minimum_nights,numeric,pearson_r,-0.0319077095055908,5.1002293045462934e-05,16113
id,numeric,minimum_minimum_nights,numeric,spearman_rho,-0.1289837519002864,9.850718549780035e-61,16113
price,numeric,availability_60,numeric,pearson_r,0.12269199209918029,4.30568701290462e-55,16116
price,numeric,availability_60,numeric,spearman_rho,0.10689163185620154,3.603437034982991e-42,16116
availability_30,numeric,review_scores_location,numeric,pearson_r,0.03099954417617177,0.0002693834798411878,13807
availability_30,numeric,review_scores_location,numeric,spearman_rho,0.04979904626167262,4.780169482500427e-09,13807
accommodates,numeric,minimum_nights_avg_ntm,numeric,pearson_r,0.0010069117078746377,0.8983037202636193,16113
accommodates,numeric,minimum_nights_avg_ntm,numeric,spearman_rho,0.12164511860619591,3.5981927775547524e-54,16113
longitude,numeric,bedrooms,numeric,pearson_r,0.10076618014411634,1.2130176804668285e-35,15218
longitude,numeric,bedrooms,numeric,spearman_rho,0.07712382427005084,1.6111201603003552e-21,15218
maximum_nights_avg_ntm,numeric,calculated_host_listings_count_private_rooms,numeric,pearson_r,0.010991402522869908,0.16297076932215854,16113
maximum_nights_avg_ntm,numeric,calculated_host_listings_count_private_rooms,numeric,spearman_rho,0.02981642955439521,0.00015348881702025084,16113
bedrooms,numeric,number_of_reviews_l30d,numeric,pearson_r,-0.033810034705517925,3.0233764155157266e-05,15218
bedrooms,numeric,number_of_reviews_l30d,numeric,spearman_rho,-0.02208585130588606,0.00643702854325167,15218
id,numeric,calculated_host_listings_count,numeric,pearson_r,0.16955498680544595,3.149378527475922e-104,16116
id,numeric,calculated_host_listings_count,numeric,spearman_rho,0.17518692477591305,3.0356145356420758e-111,16116
review_scores_accuracy,numeric,reviews_per_month,numeric,pearson_r,0.00011748819109718735,0.9889831705659591,13815
review_scores_accuracy,numeric,reviews_per_month,numeric,spearman_rho,-0.23832288705584984,1.1539658901846066e-177,13815
availability_90,numeric,availability_365,numeric,pearson_r,0.7849039665939195,0.0,16116
availability_90,numeric,availability_365,numeric,spearman_rho,0.885471429154676,0.0,16116
minimum_minimum_nights,numeric,number_of_reviews_l30d,numeric,pearson_r,-0.014843770918717872,0.05954046255839727,16113
minimum_minimum_nights,numeric,number_of_reviews_l30d,numeric,spearman_rho,-0.149859262639716,1.4393523772703617e-81,16113
host_listings_count,numeric,price,numeric,pearson_r,0.01048064389153859,0.18344179192646395,16111
host_listings_count,numeric,price,numeric,spearman_rho,-0.061279774116399066,6.976810510217565e-15,16111
review_scores_cleanliness,numeric,review_scores_location,numeric,pearson_r,0.2856460335294295,1.8236948788399057e-257,13805
review_scores_cleanliness,numeric,review_scores_location,numeric,spearman_rho,0.2552548334604784,3.0467755389526656e-204,13805
price,numeric,number_of_reviews_ltm,numeric,pearson_r,-0.03178417414034012,5.4446788969477905e-05,16116
price,numeric,number_of_reviews_ltm,numeric,spearman_rho,-0.03730554275968632,2.1671723416927143e-06,16116
host_listings_count,numeric,number_of_reviews_l30d,numeric,pearson_r,0.013226196473473648,0.09320417633802221,16111
host_listings_count,numeric,number_of_reviews_l30d,numeric,spearman_rho,0.08992311497193167,2.7585964692570055e-30,16111
maximum_maximum_nights,numeric,availability_365,numeric,pearson_r,0.031818604067155,5.352706956206891e-05,16113
maximum_maximum_nights,numeric,availability_365,numeric,spearman_rho,0.014210558295272256,0.0712631902019372,16113
number_of_reviews_ltm,numeric,number_of_reviews_l30d,numeric,pearson_r,0.8358310702238643,0.0,16116
number_of_reviews_ltm,numeric,number_of_reviews_l30d,numeric,spearman_rho,0.7822602796935278,0.0,16116
minimum_maximum_nights,numeric,calculated_host_listings_count_private_rooms,numeric,pearson_r,0.03546797838346363,6.691704240474105e-06,16113
minimum_maximum_nights,numeric,calculated_host_listings_count_private_rooms,numeric,spearman_rho,0.024309724749782345,0.002028552061026527,16113
longitude,numeric,review_scores_cleanliness,numeric,pearson_r,-0.02448605238988224,0.003998272632236305,13816
longitude,numeric,review_scores_cleanliness,numeric,spearman_rho,-0.02081784813654188,0.014404904738748328,13816
id,numeric,review_scores_accuracy,numeric,pearson_r,-0.022402971040221095,0.008456576837092134,13815
id,numeric,review_scores_accuracy,numeric,spearman_rho,0.14111096153080574,2.2489688465564346e-62,13815
host_total_listings_count,numeric,maximum_nights_avg_ntm,numeric,pearson_r,-1.1108508913452777e-05,0.9988751806166777,16108
host_total_listings_count,numeric,maximum_nights_avg_ntm,numeric,spearman_rho,0.0204783887345996,0.009345967571708148,16108
maximum_minimum_nights,numeric,number_of_reviews_l30d,numeric,pearson_r,-0.009183593615257644,0.24374712866138926,16113
maximum_minimum_nights,numeric,number_of_reviews_l30d,numeric,spearman_rho,-0.036791931447236914,2.9904258879136624e-06,16113
bedrooms,numeric,review_scores_checkin,numeric,pearson_r,0.02302180506201298,0.008555488715030072,13043
bedrooms,numeric,review_scores_checkin,numeric,spearman_rho,0.04752013040430977,5.647132448158431e-08,13043
review_scores_checkin,numeric,calculated_host_listings_count_entire_homes,numeric,pearson_r,-0.09452909117475883,8.824221423498213e-29,13807
review_scores_checkin,numeric,calculated_host_listings_count_entire_homes,numeric,spearman_rho,0.023542462189088165,0.005667073073021071,13807
availability_60,numeric,review_scores_location,numeric,pearson_r,0.037195128074343616,1.2330363133476064e-05,13807
availability_60,numeric,review_scores_location,numeric,spearman_rho,0.05053746143749749,2.823017551283898e-09,13807
host_total_listings_count,numeric,longitude,numeric,pearson_r,-0.0032467353542116424,0.6802849262014888,16111
host_total_listings_count,numeric,longitude,numeric,spearman_rho,0.016251613494388216,0.03913362392501806,16111
maximum_minimum_nights,numeric,number_of_reviews_ltm,numeric,pearson_r,-0.010768394745236809,0.17167507903812493,16113
maximum_minimum_nights,numeric,number_of_reviews_ltm,numeric,spearman_rho,-0.016853478519630455,0.03241009857117382,16113
review_scores_location,numeric,calculated_host_listings_count,numeric,pearson_r,-0.026086360773537563,0.0021732473073054395,13807
review_scores_location,numeric,calculated_host_listings_count,numeric,spearman_rho,0.003708540112741081,0.6630345641709365,13807
minimum_nights,numeric,maximum_minimum_nights,numeric,pearson_r,0.997166292992275,0.0,16113
minimum_nights,numeric,maximum_minimum_nights,numeric,spearman_rho,0.9098418045663078,0.0,16113
host_listings_count,numeric,review_scores_checkin,numeric,pearson_r,-0.04153442800861416,1.051544180496913e-06,13805
host_listings_count,numeric,review_scores_checkin,numeric,spearman_rho,-0.13448675163114704,9.872102477928606e-57,13805
maximum_maximum_nights,numeric,number_of_reviews,numeric,pearson_r,-0.004645240476375585,0.5554519515110397,16113
maximum_maximum_nights,numeric,number_of_reviews,numeric,spearman_rho,0.016595355952001435,0.03515693493251074,16113
maximum_maximum_nights,numeric,review_scores_communication,numeric,pearson_r,0.0037275024894903395,0.6613841878725916,13810
maximum_maximum_nights,numeric,review_scores_communication,numeric,spearman_rho,-0.0635607384708609,7.645317381309689e-14,13810
bedrooms,numeric,number_of_reviews_ltm,numeric,pearson_r,-0.0453656513501192,2.1585742873671415e-08,15218
bedrooms,numeric,number_of_reviews_ltm,numeric,spearman_rho,-0.024725186922095924,0.0022857794506732205,15218
review_scores_checkin,numeric,calculated_host_listings_count_private_rooms,numeric,pearson_r,-0.047272194401255505,2.7407774342862745e-08,13807
review_scores_checkin,numeric,calculated_host_listings_count_private_rooms,numeric,spearman_rho,-0.08179978258745037,6.1498129683966955e-22,13807
accommodates,numeric,bedrooms,numeric,pearson_r,0.7270922809509015,0.0,15218
accommodates,numeric,bedrooms,numeric,spearman_rho,0.7790496761807287,0.0,15218
beds,numeric,calculated_host_listings_count,numeric,pearson_r,0.02806568180153568,0.0003814600785627736,16019
beds,numeric,calculated_host_listings_count,numeric,spearman_rho,-0.009951376908970253,0.20787118257039727,16019
price,numeric,calculated_host_listings_count_entire_homes,numeric,pearson_r,0.060056202343136154,2.341000572979678e-14,16116
price,numeric,calculated_host_listings_count_entire_homes,numeric,spearman_rho,0.36578470742447267,0.0,16116
price,numeric,maximum_maximum_nights,numeric,pearson_r,0.007681362468673007,0.32956631853578316,16113
price,numeric,maximum_maximum_nights,numeric,spearman_rho,-0.005882039060826647,0.45530693254105903,16113
minimum_nights,numeric,number_of_reviews,numeric,pearson_r,-0.008442778862651764,0.2838383198834345,16116
minimum_nights,numeric,number_of_reviews,numeric,spearman_rho,-0.06605715556482547,4.6829607564826855e-17,16116
maximum_nights_avg_ntm,numeric,calculated_host_listings_count_shared_rooms,numeric,pearson_r,-0.0006673517049961827,0.9324958765365292,16113
maximum_nights_avg_ntm,numeric,calculated_host_listings_count_shared_rooms,numeric,spearman_rho,-0.03354190950629137,2.0573237108044835e-05,16113
id,numeric,review_scores_value,numeric,pearson_r,-0.00850483183084152,0.31766271545537833,13807
id,numeric,review_scores_value,numeric,spearman_rho,0.06515735724690948,1.8072427931468965e-14,13807
accommodates,numeric,calculated_host_listings_count_private_rooms,numeric,pearson_r,-0.08274218195190666,6.895215838000298e-26,16116
accommodates,numeric,calculated_host_listings_count_private_rooms,numeric,spearman_rho,-0.23859957399469042,2.0968204648276577e-207,16116
host_total_listings_count,numeric,reviews_per_month,numeric,pearson_r,0.027740941148431945,0.0010171543184160814,14026
host_total_listings_count,numeric,reviews_per_month,numeric,spearman_rho,0.1285993087042184,8.595834328099887e-53,14026
minimum_nights,numeric,reviews_per_month,numeric,pearson_r,-0.013257384479228576,0.116371431000274,14029
minimum_nights,numeric,reviews_per_month,numeric,spearman_rho,-0.1390021319797892,1.802070862315063e-61,14029
beds,numeric,maximum_minimum_nights,numeric,pearson_r,-0.0023417686610369567,0.7669505795212117,16019
beds,numeric,maximum_minimum_nights,numeric,spearman_rho,0.11773793625679475,1.4998977980161135e-50,16019
price,numeric,reviews_per_month,numeric,pearson_r,-0.04606204072837913,4.810212600055917e-08,14029
price,numeric,reviews_per_month,numeric,spearman_rho,-0.02844260944368649,0.0007537574003126183,14029
minimum_nights,numeric,review_scores_location,numeric,pearson_r,0.014466400257793555,0.08917170590847669,13807
minimum_nights,numeric,review_scores_location,numeric,spearman_rho,0.05656643795130135,2.901977789243718e-11,13807
price,numeric,calculated_host_listings_count,numeric,pearson_r,0.005028420055487626,0.5232742102553691,16116
price,numeric,calculated_host_listings_count,numeric,spearman_rho,-0.07015406445959804,4.822546358431897e-19,16116
bedrooms,numeric,maximum_nights_avg_ntm,numeric,pearson_r,-0.006391102444552323,0.4304874906290418,15218
bedrooms,numeric,maximum_nights_avg_ntm,numeric,spearman_rho,-0.024241753492564896,0.0027835062458339784,15218
minimum_nights_avg_ntm,numeric,review_scores_accuracy,numeric,pearson_r,-0.002906975840890918,0.7326346620804738,13813
minimum_nights_avg_ntm,numeric,review_scores_accuracy,numeric,spearman_rho,0.09080676771625008,1.0913045069013047e-26,13813
maximum_nights_avg_ntm,numeric,review_scores_location,numeric,pearson_r,0.007037635367135204,0.4083390449885005,13805
maximum_nights_avg_ntm,numeric,review_scores_location,numeric,spearman_rho,0.017226876840189677,0.042966726255695406,13805
review_scores_checkin,numeric,review_scores_location,numeric,pearson_r,0.36284074211106776,0.0,13806
review_scores_checkin,numeric,review_scores_location,numeric,spearman_rho,0.3083140371859082,8.720178334410811e-302,13806
minimum_nights,numeric,review_scores_value,numeric,pearson_r,0.010556822366396539,0.21483392415716462,13807
minimum_nights,numeric,review_scores_value,numeric,spearman_rho,0.10181959135235101,3.8096543542951586e-33,13807
host_total_listings_count,numeric,minimum_nights_avg_ntm,numeric,pearson_r,-0.0019168736155421512,0.8077995277105704,16108
host_total_listings_count,numeric,minimum_nights_avg_ntm,numeric,spearman_rho,-0.07066660808756345,2.723823844400896e-19,16108
beds,numeric,minimum_minimum_nights,numeric,pearson_r,-0.0032089910898366355,0.6846550763935086,16019
beds,numeric,minimum_minimum_nights,numeric,spearman_rho,0.11263838579080224,2.1684588600518496e-46,16019
latitude,numeric,minimum_minimum_nights,numeric,pearson_r,-0.012320690537524118,0.11784353948798178,16113
latitude,numeric,minimum_minimum_nights,numeric,spearman_rho,-0.012396940144071208,0.1155872001530318,16113
beds,numeric,calculated_host_listings_count_entire_homes,numeric,pearson_r,0.056680690228097935,7.018690372612745e-13,16019
beds,numeric,calculated_host_listings_count_entire_homes,numeric,spearman_rho,0.17505501470075435,2.0240386971030342e-110,16019
minimum_nights_avg_ntm,numeric,number_of_reviews,numeric,pearson_r,-0.007843140618343595,0.3194820838690981,16113
minimum_nights_avg_ntm,numeric,number_of_reviews,numeric,spearman_rho,-0.059880572599778005,2.7988848251995878e-14,16113
host_listings_count,numeric,review_scores_value,numeric,pearson_r,-0.046608784976254154,4.2830276412573644e-08,13805
host_listings_count,numeric,review_scores_value,numeric,spearman_rho,-0.1118153490943962,1.1768148916460307e-39,13805
number_of_reviews_ltm,numeric,calculated_host_listings_count,numeric,pearson_r,0.10382037458461035,7.2296160730616855e-40,16116
number_of_reviews_ltm,numeric,calculated_host_listings_count,numeric,spearman_rho,0.23516898761250418,2.254632794436534e-201,16116
host_total_listings_count,numeric,bedrooms,numeric,pearson_r,-0.008447429366545956,0.2974824896091571,15213
host_total_listings_count,numeric,bedrooms,numeric,spearman_rho,-0.03206847127083929,7.619940847424582e-05,15213
review_scores_rating,numeric,review_scores_location,numeric,pearson_r,0.38970497025184025,0.0,13807
review_scores_rating,numeric,review_scores_location,numeric,spearman_rho,0.3611465966300641,0.0,13807
minimum_nights,numeric,minimum_nights_avg_ntm,numeric,pearson_r,0.9994160055062542,0.0,16113
minimum_nights,numeric,minimum_nights_avg_ntm,numeric,spearman_rho,0.9753257996206937,0.0,16113
latitude,numeric,availability_365,numeric,pearson_r,0.03510180177415413,8.305271946917579e-06,16116
latitude,numeric,availability_365,numeric,spearman_rho,0.05483353903159047,3.2665146411973392e-12,16116
review_scores_cleanliness,numeric,calculated_host_listings_count,numeric,pearson_r,-0.07342644531094833,5.546112941784376e-18,13816
review_scores_cleanliness,numeric,calculated_host_listings_count,numeric,spearman_rho,-0.0820387106942752,4.530482774836131e-22,13816
minimum_nights,numeric,number_of_reviews_ltm,numeric,pearson_r,-0.017428405107924545,0.026931330263892266,16116
minimum_nights,numeric,number_of_reviews_ltm,numeric,spearman_rho,-0.11777348475656146,7.094122855114773e-51,16116
minimum_maximum_nights,numeric,availability_30,numeric,pearson_r,-0.01132820335901881,0.1504616812997844,16113
minimum_maximum_nights,numeric,availability_30,numeric,spearman_rho,0.0036923195156251796,0.6393147058591441,16113
bedrooms,numeric,review_scores_rating,numeric,pearson_r,0.001021995224761279,0.9063507422379774,13253
bedrooms,numeric,review_scores_rating,numeric,spearman_rho,0.035707219348542006,3.929296200135206e-05,13253
last_scraped,categorical,id,numeric,anova_eta2,0.02002078120816919,7.595795657959627e-73,16116
last_scraped,categorical,host_listings_count,numeric,anova_eta2,0.0005898598042471112,0.0020496188650389858,16111
last_scraped,categorical,host_total_listings_count,numeric,anova_eta2,0.0005898598042471112,0.0020496188650389858,16111
last_scraped,categorical,latitude,numeric,anova_eta2,3.750001729781313e-05,0.43695426205603227,16116
last_scraped,categorical,longitude,numeric,anova_eta2,0.00106253297410087,3.4902383878119714e-05,16116
last_scraped,categorical,accommodates,numeric,anova_eta2,0.000538094153862882,0.0032297437055156682,16116
last_scraped,categorical,bedrooms,numeric,anova_eta2,3.007610115986472e-05,0.49873377779191386,15218
last_scraped,categorical,beds,numeric,anova_eta2,0.0023580917853700243,7.786205950876264e-10,16019
last_scraped,categorical,price,numeric,anova_eta2,0.000552580636085569,0.0028416217647888624,16116
last_scraped,categorical,minimum_nights,numeric,anova_eta2,5.83812690505616e-05,0.3320839970441739,16116
last_scraped,categorical,maximum_nights,numeric,anova_eta2,0.0012419293179322273,7.646567251828037e-06,16116
last_scraped,categorical,minimum_minimum_nights,numeric,anova_eta2,7.232669917604418e-05,0.28037703305210204,16113
last_scraped,categorical,maximum_minimum_nights,numeric,anova_eta2,9.146197216194229e-06,0.7010802986503251,16113
last_scraped,categorical,minimum_maximum_nights,numeric,anova_eta2,4.873617349913042e-05,0.3755605883212507,16113
last_scraped,categorical,maximum_maximum_nights,numeric,anova_eta2,0.0005699325219244704,0.0024407114013024174,16113
last_scraped,categorical,minimum_nights_avg_ntm,numeric,anova_eta2,4.370001049230201e-05,0.401428044143188,16113
last_scraped,categorical,maximum_nights_avg_ntm,numeric,anova_eta2,0.0005699265941637596,0.002440838824510739,16113
last_scraped,categorical,availability_30,numeric,anova_eta2,0.178895192472658,0.0,16116
last_scraped,categorical,availability_60,numeric,anova_eta2,0.20030058633052472,0.0,16116
last_scraped,categorical,availability_90,numeric,anova_eta2,0.21657788686257637,0.0,16116
last_scraped,categorical,availability_365,numeric,anova_eta2,0.23951082577896898,0.0,16116
last_scraped,categorical,number_of_reviews,numeric,anova_eta2,0.05565845477984629,1.0970835029864246e-202,16116
last_scraped,categorical,number_of_reviews_ltm,numeric,anova_eta2,0.028284878957724847,1.4895041377211917e-102,16116
last_scraped,categorical,number_of_reviews_l30d,numeric,anova_eta2,0.021079242705482813,1.2248169896962482e-76,16116
last_scraped,categorical,review_scores_rating,numeric,anova_eta2,0.000699052434476257,0.0017368939174073775,14029
last_scraped,categorical,review_scores_accuracy,numeric,anova_eta2,0.00021501233603268998,0.08481256282882065,13815
last_scraped,categorical,review_scores_cleanliness,numeric,anova_eta2,0.0007483375574778349,0.0013010534497167143,13816
last_scraped,categorical,review_scores_checkin,numeric,anova_eta2,5.1134240428052306e-05,0.4008080581759733,13807
last_scraped,categorical,review_scores_communication,numeric,anova_eta2,0.00048014327369056044,0.010015538162861116,13812
last_scraped,categorical,review_scores_location,numeric,anova_eta2,0.00016131054074245077,0.13561773402667107,13807
last_scraped,categorical,review_scores_value,numeric,anova_eta2,1.6052108517742208e-05,0.6378287198438706,13807
last_scraped,categorical,calculated_host_listings_count,numeric,anova_eta2,0.01782800832116807,5.325504245254465e-65,16116
last_scraped,categorical,calculated_host_listings_count_entire_homes,numeric,anova_eta2,0.00023953435743724757,0.049444457173897574,16116
last_scraped,categorical,calculated_host_listings_count_private_rooms,numeric,anova_eta2,0.04630372906477243,3.732683469382088e-168,16116
last_scraped,categorical,calculated_host_listings_count_shared_rooms,numeric,anova_eta2,3.233659229485446e-05,0.47038811775621936,16116
last_scraped,categorical,reviews_per_month,numeric,anova_eta2,0.05187630193097421,1.6333956521769673e-164,14029
host_response_time,categorical,id,numeric,anova_eta2,0.016705118389934687,2.895200084149121e-18,5036
host_response_time,categorical,host_listings_count,numeric,anova_eta2,0.001715206368816873,0.03449340785464539,5036
host_response_time,categorical,host_total_listings_count,numeric,anova_eta2,0.001715206368816873,0.03449340785464539,5036
host_response_time,categorical,latitude,numeric,anova_eta2,0.002375265611309097,0.007494480955383844,5036
host_response_time,categorical,longitude,numeric,anova_eta2,9.614446872703275e-05,0.9224204759320929,5036
host_response_time,categorical,accommodates,numeric,anova_eta2,0.009984215226107044,6.25775653093616e-11,5036
host_response_time,categorical,bedrooms,numeric,anova_eta2,0.030371728876190475,2.388966534622573e-31,4723
host_response_time,categorical,beds,numeric,anova_eta2,0.008485540033839098,3.2588706885307237e-09,4982
host_response_time,categorical,price,numeric,anova_eta2,0.019764025973802498,1.2385465425320162e-21,5036
host_response_time,categorical,minimum_nights,numeric,anova_eta2,0.0011463754993060744,0.12322171200574733,5036
host_response_time,categorical,maximum_nights,numeric,anova_eta2,0.004057944462114963,0.0001360688567540059,5036
host_response_time,categorical,minimum_minimum_nights,numeric,anova_eta2,0.0011980122687062092,0.11009191480838391,5035
host_response_time,categorical,maximum_minimum_nights,numeric,anova_eta2,0.0008660288726673031,0.22518788124474443,5035
host_response_time,categorical,minimum_maximum_nights,numeric,anova_eta2,0.015710570933791346,3.60323612039526e-17,5035
host_response_time,categorical,maximum_maximum_nights,numeric,anova_eta2,0.001488316265226641,0.05771175504192992,5035
host_response_time,categorical,minimum_nights_avg_ntm,numeric,anova_eta2,0.001109245294714512,0.1336845929037179,5035
host_response_time,categorical,maximum_nights_avg_ntm,numeric,anova_eta2,0.0014883239720784548,0.05771075463802329,5035
host_response_time,categorical,availability_30,numeric,anova_eta2,0.016961579036640046,1.5131527736517148e-18,5036
host_response_time,categorical,availability_60,numeric,anova_eta2,0.017583798488889503,3.131064826596935e-19,5036
host_response_time,categorical,availability_90,numeric,anova_eta2,0.01589934683699589,2.219432452282088e-17,5036
host_response_time,categorical,availability_365,numeric,anova_eta2,0.008250233180263706,4.6647888919040695e-09,5036
host_response_time,categorical,number_of_reviews,numeric,anova_eta2,0.046685425898490625,7.040083108853942e-52,5036
host_response_time,categorical,number_of_reviews_ltm,numeric,anova_eta2,0.0482266580544793,1.2206449926976386e-53,5036
host_response_time,categorical,number_of_reviews_l30d,numeric,anova_eta2,0.03630392631589228,4.250005977049227e-40,5036
host_response_time,categorical,review_scores_rating,numeric,anova_eta2,0.008883153909038367,9.867827478935926e-09,4504
host_response_time,categorical,review_scores_accuracy,numeric,anova_eta2,0.008706229200865143,1.6041207902863914e-08,4482
host_response_time,categorical,review_scores_cleanliness,numeric,anova_eta2,0.00535517148355111,2.441507316319055e-05,4482
host_response_time,categorical,review_scores_checkin,numeric,anova_eta2,0.00421784080052527,0.0002827238728046368,4482
host_response_time,categorical,review_scores_communication,numeric,anova_eta2,0.0076956316619315335,1.4812062135411182e-07,4482
host_response_time,categorical,review_scores_location,numeric,anova_eta2,0.003214231449269637,0.0023878914955912226,4482
host_response_time,categorical,review_scores_value,numeric,anova_eta2,0.003793385551870217,0.0006997551832019893,4482
host_response_time,categorical,calculated_host_listings_count,numeric,anova_eta2,0.05071256558197528,1.7367334445684063e-56,5036
host_response_time,categorical,calculated_host_listings_count_entire_homes,numeric,anova_eta2,0.002438172074715363,0.006467737607829621,5036
host_response_time,categorical,calculated_host_listings_count_private_rooms,numeric,anova_eta2,0.059119174631053664,3.574411847507805e-66,5036
host_response_time,categorical,calculated_host_listings_count_shared_rooms,numeric,anova_eta2,0.002207990445142893,0.011073929099072273,5036
host_response_time,categorical,reviews_per_month,numeric,anova_eta2,0.04769572786062638,2.066190089830397e-47,4504
host_is_superhost,categorical,id,numeric,anova_eta2,0.00013255689818259447,0.14392969069958272,16111
host_is_superhost,categorical,host_listings_count,numeric,anova_eta2,6.517307431135533e-06,0.7459282333285255,16111
host_is_superhost,categorical,host_total_listings_count,numeric,anova_eta2,6.517307431135533e-06,0.7459282333285255,16111
host_is_superhost,categorical,latitude,numeric,anova_eta2,0.0020730571034101104,7.393249242746329e-09,16111
host_is_superhost,categorical,longitude,numeric,anova_eta2,0.0007199745000721195,0.0006588496034344361,16111
host_is_superhost,categorical,accommodates,numeric,anova_eta2,0.0004620456547661306,0.006362767900036425,16111
host_is_superhost,categorical,bedrooms,numeric,anova_eta2,0.0033572360143711067,8.552055355451676e-13,15213
host_is_superhost,categorical,beds,numeric,anova_eta2,9.485637963330777e-05,0.2177913391958125,16014
host_is_superhost,categorical,price,numeric,anova_eta2,0.00022710312437125595,0.055776931587566615,16111
host_is_superhost,categorical,minimum_nights,numeric,anova_eta2,2.556730007795248e-05,0.5210289131847445,16111
host_is_superhost,categorical,maximum_nights,numeric,anova_eta2,0.0008157314922683464,0.00028819934609978956,16111
host_is_superhost,categorical,minimum_minimum_nights,numeric,anova_eta2,3.4751141409223096e-05,0.45438346681711006,16108
host_is_superhost,categorical,maximum_minimum_nights,numeric,anova_eta2,3.225631531370634e-08,0.9818156849131925,16108
host_is_superhost,categorical,minimum_maximum_nights,numeric,anova_eta2,0.0022185725724789157,2.2193646200448737e-09,16108
host_is_superhost,categorical,maximum_maximum_nights,numeric,anova_eta2,1.766380029712521e-05,0.5937753446670353,16108
host_is_superhost,categorical,minimum_nights_avg_ntm,numeric,anova_eta2,1.21613364974854e-05,0.6580789203798885,16108
host_is_superhost,categorical,maximum_nights_avg_ntm,numeric,anova_eta2,1.766478394193189e-05,0.5937650664953676,16108
host_is_superhost,categorical,availability_30,numeric,anova_eta2,0.021692575433375768,8.179722752076952e-79,16111
host_is_superhost,categorical,availability_60,numeric,anova_eta2,0.026045478234376696,1.8806778133140725e-94,16111
host_is_superhost,categorical,availability_90,numeric,anova_eta2,0.031117094454783056,9.401513925340187e-113,16111
host_is_superhost,categorical,availability_365,numeric,anova_eta2,0.03385315538825698,1.1555886527782449e-122,16111
host_is_superhost,categorical,number_of_reviews,numeric,anova_eta2,0.1271675592116014,0.0,16111
host_is_superhost,categorical,number_of_reviews_ltm,numeric,anova_eta2,0.0379226658497579,1.8753282989637233e-137,16111
host_is_superhost,categorical,number_of_reviews_l30d,numeric,anova_eta2,0.024882505000967295,2.8747003980758567e-90,16111
host_is_superhost,categorical,review_scores_rating,numeric,anova_eta2,0.010272769174440543,2.3688679674916072e-33,14026
host_is_superhost,categorical,review_scores_accuracy,numeric,anova_eta2,0.0069160927675236275,1.241436466175085e-22,13813
host_is_superhost,categorical,review_scores_cleanliness,numeric,anova_eta2,0.015124916129411251,1.0719116590685147e-47,13814
host_is_superhost,categorical,review_scores_checkin,numeric,anova_eta2,0.008686399864312584,5.124693411284217e-28,13805
host_is_superhost,categorical,review_scores_communication,numeric,anova_eta2,0.005963027736027551,1.0142896251486737e-19,13810
host_is_superhost,categorical,review_scores_location,numeric,anova_eta2,0.008015471581762409,5.684987223713317e-26,13805
host_is_superhost,categorical,review_scores_value,numeric,anova_eta2,0.008048103217641779,4.521310463677818e-26,13805
host_is_superhost,categorical,calculated_host_listings_count,numeric,anova_eta2,0.007279436783437751,2.0275183938640316e-27,16111
host_is_superhost,categorical,calculated_host_listings_count_entire_homes,numeric,anova_eta2,0.0011288498154534332,1.994698500910633e-05,16111
host_is_superhost,categorical,calculated_host_listings_count_private_rooms,numeric,anova_eta2,0.019195399620389107,7.188418926620909e-70,16111
host_is_superhost,categorical,calculated_host_listings_count_shared_rooms,numeric,anova_eta2,0.0004488359980891962,0.0071627439125134815,16111
host_is_superhost,categorical,reviews_per_month,numeric,anova_eta2,0.06933923007299275,3.740604276211591e-221,14026
host_has_profile_pic,categorical,id,numeric,anova_eta2,0.0002340312161149573,0.05216924408885717,16111
host_has_profile_pic,categorical,host_listings_count,numeric,anova_eta2,0.002655457816989486,5.9638117672499e-11,16111
host_has_profile_pic,categorical,host_total_listings_count,numeric,anova_eta2,0.002655457816989486,5.9638117672499e-11,16111
host_has_profile_pic,categorical,latitude,numeric,anova_eta2,0.00035882525138802564,0.016198719662196853,16111
host_has_profile_pic,categorical,longitude,numeric,anova_eta2,1.1306654131631362e-05,0.6695454640878579,16111
host_has_profile_pic,categorical,accommodates,numeric,anova_eta2,0.00012326830046838745,0.1587817882854031,16111
host_has_profile_pic,categorical,bedrooms,numeric,anova_eta2,4.73905184679371e-06,0.7883269887299577,15213
host_has_profile_pic,categorical,beds,numeric,anova_eta2,1.5213575970160288e-06,0.8759743330350828,16014
host_has_profile_pic,categorical,price,numeric,anova_eta2,0.0004399293787542415,0.007759480167878452,16111
host_has_profile_pic,categorical,minimum_nights,numeric,anova_eta2,2.1971260990061616e-08,0.9849903871880034,16111
host_has_profile_pic,categorical,maximum_nights,numeric,anova_eta2,0.00042317430908321856,0.00902361928168663,16111
host_has_profile_pic,categorical,minimum_minimum_nights,numeric,anova_eta2,5.2642055202268507e-08,0.9767709083720507,16108
host_has_profile_pic,categorical,maximum_minimum_nights,numeric,anova_eta2,1.1722118465456376e-11,0.9996533179751786,16108
host_has_profile_pic,categorical,minimum_maximum_nights,numeric,anova_eta2,0.0003600547722022543,0.016027028194119962,16108
host_has_profile_pic,categorical,maximum_maximum_nights,numeric,anova_eta2,2.553600246763271e-07,0.9488664381717429,16108
host_has_profile_pic,categorical,minimum_nights_avg_ntm,numeric,anova_eta2,1.0060400459523178e-08,0.9898439910744845,16108
host_has_profile_pic,categorical,maximum_nights_avg_ntm,numeric,anova_eta2,2.553546281612668e-07,0.9488669777309263,16108
host_has_profile_pic,categorical,availability_30,numeric,anova_eta2,8.40014825167439e-05,0.2447203874743541,16111
host_has_profile_pic,categorical,availability_60,numeric,anova_eta2,0.00017587893392632587,0.09232300237890148,16111
host_has_profile_pic,categorical,availability_90,numeric,anova_eta2,0.00018096243455439538,0.08774324810430052,16111
host_has_profile_pic,categorical,availability_365,numeric,anova_eta2,0.0003571614713249902,0.016447755770068715,16111
host_has_profile_pic,categorical,number_of_reviews,numeric,anova_eta2,0.0002285303779657396,0.055012656583732826,16111
host_has_profile_pic,categorical,number_of_reviews_ltm,numeric,anova_eta2,5.599699101260196e-05,0.34223187933862265,16111
host_has_profile_pic,categorical,number_of_reviews_l30d,numeric,anova_eta2,3.5117810544853e-05,0.4519706267449358,16111
host_has_profile_pic,categorical,review_scores_rating,numeric,anova_eta2,0.001177557633106195,4.8058181251159595e-05,14026
host_has_profile_pic,categorical,review_scores_accuracy,numeric,anova_eta2,2.6680628084841398e-05,0.5438352071076917,13813
host_has_profile_pic,categorical,review_scores_cleanliness,numeric,anova_eta2,0.00024342114260825885,0.06669996885237593,13814
host_has_profile_pic,categorical,review_scores_checkin,numeric,anova_eta2,3.333133615872376e-05,0.4975943282445937,13805
host_has_profile_pic,categorical,review_scores_communication,numeric,anova_eta2,1.275003205246909e-05,0.6747924636993229,13810
host_has_profile_pic,categorical,review_scores_location,numeric,anova_eta2,4.6163391822634215e-06,0.8007144338107682,13805
host_has_profile_pic,categorical,review_scores_value,numeric,anova_eta2,0.00026926618592192547,0.05385954571392696,13805
host_has_profile_pic,categorical,calculated_host_listings_count,numeric,anova_eta2,0.00011818705343242987,0.16763923500661423,16111
host_has_profile_pic,categorical,calculated_host_listings_count_entire_homes,numeric,anova_eta2,8.011969666952328e-05,0.2559263863454951,16111
host_has_profile_pic,categorical,calculated_host_listings_count_private_rooms,numeric,anova_eta2,5.345287460728021e-05,0.3534398117077744,16111
host_has_profile_pic,categorical,calculated_host_listings_count_shared_rooms,numeric,anova_eta2,7.3493866694720245e-06,0.7307894194022639,16111
host_has_profile_pic,categorical,reviews_per_month,numeric,anova_eta2,8.165068203160322e-05,0.284582484103332,14026
room_type,categorical,id,numeric,anova_eta2,0.014547951762828843,6.551037054883256e-51,16116
room_type,categorical,host_listings_count,numeric,anova_eta2,0.00035028792459920646,0.1303172899155356,16111
room_type,categorical,host_total_listings_count,numeric,anova_eta2,0.00035028792459920646,0.1303172899155356,16111
room_type,categorical,latitude,numeric,anova_eta2,0.0001787521839035682,0.4104347579412856,16116
room_type,categorical,longitude,numeric,anova_eta2,0.0013270568774255145,8.709137620874747e-05,16116
room_type,categorical,accommodates,numeric,anova_eta2,0.055366963079806396,1.2514008087526832e-198,16116
room_type,categorical,bedrooms,numeric,anova_eta2,0.04810295738794362,2.9423337063015935e-162,15218
room_type,categorical,beds,numeric,anova_eta2,0.01628875074076613,9.986328015084839e-57,16019
room_type,categorical,price,numeric,anova_eta2,0.022586933742782,1.791120767848441e-79,16116
room_type,categorical,minimum_nights,numeric,anova_eta2,0.0005987986304756248,0.02177773707545538,16116
room_type,categorical,maximum_nights,numeric,anova_eta2,0.0010494202199923647,0.0007348402861324765,16116
room_type,categorical,minimum_minimum_nights,numeric,anova_eta2,0.0005899187586117089,0.023266550803428987,16113
room_type,categorical,maximum_minimum_nights,numeric,anova_eta2,0.00036347406501001096,0.11880699336531149,16113
room_type,categorical,minimum_maximum_nights,numeric,anova_eta2,0.0029731373054646825,2.164091156160829e-10,16113
room_type,categorical,maximum_maximum_nights,numeric,anova_eta2,0.0004584065119847018,0.060550494241667335,16113
room_type,categorical,minimum_nights_avg_ntm,numeric,anova_eta2,0.0005362299332568966,0.03446960726365385,16113
room_type,categorical,maximum_nights_avg_ntm,numeric,anova_eta2,0.0004584012106133828,0.06055280029259421,16113
room_type,categorical,availability_30,numeric,anova_eta2,0.06162562699783351,7.294554521565456e-222,16116
room_type,categorical,availability_60,numeric,anova_eta2,0.06815909572439895,2.754021482135494e-246,16116
room_type,categorical,availability_90,numeric,anova_eta2,0.07295218217671247,2.583470510585234e-264,16116
room_type,categorical,availability_365,numeric,anova_eta2,0.06278185873852142,3.576215811250599e-226,16116
room_type,categorical,number_of_reviews,numeric,anova_eta2,0.09471873019671427,0.0,16116
room_type,categorical,number_of_reviews_ltm,numeric,anova_eta2,0.03431768078202813,1.256057536944555e-121,16116
room_type,categorical,number_of_reviews_l30d,numeric,anova_eta2,0.024862652423267125,1.3133105623197219e-87,16116
room_type,categorical,review_scores_rating,numeric,anova_eta2,0.0011869047745795538,0.000831388436015206,14029
room_type,categorical,review_scores_accuracy,numeric,anova_eta2,0.0067767573986785255,3.1572759186933453e-20,13815
room_type,categorical,review_scores_cleanliness,numeric,anova_eta2,0.001334888769275655,0.0003550945534740186,13816
room_type,categorical,review_scores_checkin,numeric,anova_eta2,0.0008423306859301625,0.008756162919747111,13807
room_type,categorical,review_scores_communication,numeric,anova_eta2,0.005902437672007134,1.2960586606834348e-17,13812
room_type,categorical,review_scores_location,numeric,anova_eta2,0.0007233797998881088,0.018661696802008212,13807
room_type,categorical,review_scores_value,numeric,anova_eta2,0.0024871668956080546,1.6515101056401402e-07,13807
room_type,categorical,calculated_host_listings_count,numeric,anova_eta2,0.051633124130737805,7.65921602141587e-185,16116
room_type,categorical,calculated_host_listings_count_entire_homes,numeric,anova_eta2,0.06775129873300054,9.320524278873309e-245,16116
room_type,categorical,calculated_host_listings_count_private_rooms,numeric,anova_eta2,0.3010929857531264,0.0,16116
room_type,categorical,calculated_host_listings_count_shared_rooms,numeric,anova_eta2,0.29171382450631017,0.0,16116
room_type,categorical,reviews_per_month,numeric,anova_eta2,0.07162968457291946,1.1183965897767259e-225,14029
has_availability,categorical,id,numeric,anova_eta2,0.0029283586828953256,6.23162333868754e-12,16116
has_availability,categorical,host_listings_count,numeric,anova_eta2,4.670246859652553e-05,0.3857413450888948,16111
has_availability,categorical,host_total_listings_count,numeric,anova_eta2,4.670246859652553e-05,0.3857413450888948,16111
has_availability,categorical,latitude,numeric,anova_eta2,0.0001402200444183502,0.132788860543128,16116
has_availability,categorical,longitude,numeric,anova_eta2,3.9333931756287446e-05,0.4259576473505853,16116
has_availability,categorical,accommodates,numeric,anova_eta2,0.002670244840263692,5.242489662147044e-11,16116
has_availability,categorical,bedrooms,numeric,anova_eta2,0.0008391773197986438,0.00035149618884829103,15218
has_availability,categorical,beds,numeric,anova_eta2,0.0009635299614321629,8.517462580684227e-05,16019
has_availability,categorical,price,numeric,anova_eta2,0.00011817933780826596,0.1675871698663843,16116
has_availability,categorical,minimum_nights,numeric,anova_eta2,1.627221209160815e-05,0.6086097155586069,16116
has_availability,categorical,maximum_nights,numeric,anova_eta2,0.0003202936199614083,0.023087919935989153,16116
has_availability,categorical,minimum_minimum_nights,numeric,anova_eta2,1.3865938652960595e-05,0.6364699008727018,16113
has_availability,categorical,maximum_minimum_nights,numeric,anova_eta2,2.929063830251712e-05,0.4921172474051415,16113
has_availability,categorical,minimum_maximum_nights,numeric,anova_eta2,7.286944992284251e-06,0.7318752509020816,16113
has_availability,categorical,maximum_maximum_nights,numeric,anova_eta2,5.294211116594406e-06,0.7702491653614144,16113
has_availability,categorical,minimum_nights_avg_ntm,numeric,anova_eta2,1.879768761320155e-05,0.5821055847037124,16113
has_availability,categorical,maximum_nights_avg_ntm,numeric,anova_eta2,5.2940746452132855e-06,0.7702520433513312,16113
has_availability,categorical,availability_30,numeric,anova_eta2,0.009126890090822471,5.4033488606723195e-34,16116
has_availability,categorical,availability_60,numeric,anova_eta2,0.010124802861446057,1.5299155824590245e-37,16116
has_availability,categorical,availability_90,numeric,anova_eta2,0.010760794362091698,8.369548998910187e-40,16116
last_scraped,categorical,host_response_time,categorical,chi2_cramers_v,0.0729590480099497,6.462946168329237e-06,5036
last_scraped,categorical,host_is_superhost,categorical,chi2_cramers_v,0.20982285121472208,2.844785303427601e-156,16111
last_scraped,categorical,host_has_profile_pic,categorical,chi2_cramers_v,0.001458484594821253,0.8531316541282237,16111
last_scraped,categorical,room_type,categorical,chi2_cramers_v,0.2505422105237393,5.4143450769733254e-219,16116
last_scraped,categorical,has_availability,categorical,chi2_cramers_v,0.09598861918755512,3.707276355141674e-34,16116
last_scraped,categorical,calendar_last_scraped,categorical,chi2_cramers_v,0.999788842498411,0.0,16116
last_scraped,categorical,instant_bookable,categorical,chi2_cramers_v,0.14574743330748155,1.9725025515508297e-76,16116
host_response_time,categorical,host_is_superhost,categorical,chi2_cramers_v,0.2637948986936469,1.1955202373675378e-75,5036
host_response_time,categorical,host_has_profile_pic,categorical,chi2_cramers_v,0.02538822170555154,0.35522755381438864,5036
host_response_time,categorical,room_type,categorical,chi2_cramers_v,0.17296155219633227,1.089230233004676e-91,5036
host_response_time,categorical,has_availability,categorical,chi2_cramers_v,0.03396650636536181,0.12122106720451835,5036
host_response_time,categorical,calendar_last_scraped,categorical,chi2_cramers_v,0.0729590480099497,6.462946168329237e-06,5036
host_response_time,categorical,instant_bookable,categorical,chi2_cramers_v,0.4352110679332239,1.8349253895799343e-206,5036
host_is_superhost,categorical,host_has_profile_pic,categorical,chi2_cramers_v,0.01501674543427972,0.05664213693895834,16111
host_is_superhost,categorical,room_type,categorical,chi2_cramers_v,0.24677090699735285,2.2723948734851948e-212,16111
host_is_superhost,categorical,has_availability,categorical,chi2_cramers_v,0.0697254836237322,8.736739806079073e-19,16111
host_is_superhost,categorical,calendar_last_scraped,categorical,chi2_cramers_v,0.20982285121472208,2.844785303427601e-156,16111
host_is_superhost,categorical,instant_bookable,categorical,chi2_cramers_v,0.13058224186330603,1.0621226280786567e-61,16111
host_has_profile_pic,categorical,room_type,categorical,chi2_cramers_v,0.04810574887553131,4.007794997984509e-08,16111
host_has_profile_pic,categorical,has_availability,categorical,chi2_cramers_v,0.008012261103028051,0.30915856547622633,16111
host_has_profile_pic,categorical,calendar_last_scraped,categorical,chi2_cramers_v,0.001458484594821253,0.8531316541282237,16111
host_has_profile_pic,categorical,instant_bookable,categorical,chi2_cramers_v,0.0029584168695815658,0.7072817815634499,16111
room_type,categorical,has_availability,categorical,chi2_cramers_v,0.08522892817290674,3.305438033421172e-25,16116
room_type,categorical,calendar_last_scraped,categorical,chi2_cramers_v,0.2505422105237393,5.4143450769733254e-219,16116
room_type,categorical,instant_bookable,categorical,chi2_cramers_v,0.23479330274473023,2.8457491724334856e-192,16116
has_availability,categorical,calendar_last_scraped,categorical,chi2_cramers_v,0.09598861918755514,3.707276355141621e-34,16116
has_availability,categorical,instant_bookable,categorical,chi2_cramers_v,0.11250311941598878,2.82794789091253e-46,16116
calendar_last_scraped,categorical,instant_bookable,categorical,chi2_cramers_v,0.14574743330748155,1.9725025515508297e-76,16116
